<?xml version="1.0" encoding="UTF-8" standalone="yes"?><cal><users><user><name>Nicolai Kruger</name><password>Why?</password></user><user><name>Sigurt Dinesen</name><password>Voldemort</password></user><user><name>Morten Therkildsen</name><password>Follet</password></user><user><name>Martin Henriksen</name><password>Camus</password></user></users><tasks><task id="Do MDS Mandatory Exercise 1" status="blah" date="somedate" name="Do MDS Mandatory Exercise 1"><description>do this shit</description><attendants>Kruger Dinesen Therkildsen Henriksen</attendants></task><task id="Do MDS Mandatory Exercise 1" status="blah" date="somedate" name="Do MDS Mandatory Exercise 1"><description>do this shit</description><attendants>Kruger Dinesen Therkildsen Henriksen</attendants></task></tasks></cal>